--
-- PostgreSQL database dump
--

-- Dumped from database version 14.5 (Ubuntu 14.5-0ubuntu0.22.04.1)
-- Dumped by pg_dump version 14.5 (Ubuntu 14.5-0ubuntu0.22.04.1)

SET statement_timeout = 0;
SET lock_timeout = 0;
SET idle_in_transaction_session_timeout = 0;
SET client_encoding = 'UTF8';
SET standard_conforming_strings = on;
SELECT pg_catalog.set_config('search_path', '', false);
SET check_function_bodies = false;
SET xmloption = content;
SET client_min_messages = warning;
SET row_security = off;

SET default_tablespace = '';

SET default_table_access_method = heap;

--
-- Name: auth_group; Type: TABLE; Schema: public; Owner: jose
--

CREATE TABLE public.auth_group (
    id integer NOT NULL,
    name character varying(150) NOT NULL
);


ALTER TABLE public.auth_group OWNER TO jose;

--
-- Name: auth_group_id_seq; Type: SEQUENCE; Schema: public; Owner: jose
--

CREATE SEQUENCE public.auth_group_id_seq
    AS integer
    START WITH 1
    INCREMENT BY 1
    NO MINVALUE
    NO MAXVALUE
    CACHE 1;


ALTER TABLE public.auth_group_id_seq OWNER TO jose;

--
-- Name: auth_group_id_seq; Type: SEQUENCE OWNED BY; Schema: public; Owner: jose
--

ALTER SEQUENCE public.auth_group_id_seq OWNED BY public.auth_group.id;


--
-- Name: auth_group_permissions; Type: TABLE; Schema: public; Owner: jose
--

CREATE TABLE public.auth_group_permissions (
    id bigint NOT NULL,
    group_id integer NOT NULL,
    permission_id integer NOT NULL
);


ALTER TABLE public.auth_group_permissions OWNER TO jose;

--
-- Name: auth_group_permissions_id_seq; Type: SEQUENCE; Schema: public; Owner: jose
--

CREATE SEQUENCE public.auth_group_permissions_id_seq
    START WITH 1
    INCREMENT BY 1
    NO MINVALUE
    NO MAXVALUE
    CACHE 1;


ALTER TABLE public.auth_group_permissions_id_seq OWNER TO jose;

--
-- Name: auth_group_permissions_id_seq; Type: SEQUENCE OWNED BY; Schema: public; Owner: jose
--

ALTER SEQUENCE public.auth_group_permissions_id_seq OWNED BY public.auth_group_permissions.id;


--
-- Name: auth_permission; Type: TABLE; Schema: public; Owner: jose
--

CREATE TABLE public.auth_permission (
    id integer NOT NULL,
    name character varying(255) NOT NULL,
    content_type_id integer NOT NULL,
    codename character varying(100) NOT NULL
);


ALTER TABLE public.auth_permission OWNER TO jose;

--
-- Name: auth_permission_id_seq; Type: SEQUENCE; Schema: public; Owner: jose
--

CREATE SEQUENCE public.auth_permission_id_seq
    AS integer
    START WITH 1
    INCREMENT BY 1
    NO MINVALUE
    NO MAXVALUE
    CACHE 1;


ALTER TABLE public.auth_permission_id_seq OWNER TO jose;

--
-- Name: auth_permission_id_seq; Type: SEQUENCE OWNED BY; Schema: public; Owner: jose
--

ALTER SEQUENCE public.auth_permission_id_seq OWNED BY public.auth_permission.id;


--
-- Name: auth_user; Type: TABLE; Schema: public; Owner: jose
--

CREATE TABLE public.auth_user (
    id integer NOT NULL,
    password character varying(128) NOT NULL,
    last_login timestamp with time zone,
    is_superuser boolean NOT NULL,
    username character varying(150) NOT NULL,
    first_name character varying(150) NOT NULL,
    last_name character varying(150) NOT NULL,
    email character varying(254) NOT NULL,
    is_staff boolean NOT NULL,
    is_active boolean NOT NULL,
    date_joined timestamp with time zone NOT NULL
);


ALTER TABLE public.auth_user OWNER TO jose;

--
-- Name: auth_user_groups; Type: TABLE; Schema: public; Owner: jose
--

CREATE TABLE public.auth_user_groups (
    id bigint NOT NULL,
    user_id integer NOT NULL,
    group_id integer NOT NULL
);


ALTER TABLE public.auth_user_groups OWNER TO jose;

--
-- Name: auth_user_groups_id_seq; Type: SEQUENCE; Schema: public; Owner: jose
--

CREATE SEQUENCE public.auth_user_groups_id_seq
    START WITH 1
    INCREMENT BY 1
    NO MINVALUE
    NO MAXVALUE
    CACHE 1;


ALTER TABLE public.auth_user_groups_id_seq OWNER TO jose;

--
-- Name: auth_user_groups_id_seq; Type: SEQUENCE OWNED BY; Schema: public; Owner: jose
--

ALTER SEQUENCE public.auth_user_groups_id_seq OWNED BY public.auth_user_groups.id;


--
-- Name: auth_user_id_seq; Type: SEQUENCE; Schema: public; Owner: jose
--

CREATE SEQUENCE public.auth_user_id_seq
    AS integer
    START WITH 1
    INCREMENT BY 1
    NO MINVALUE
    NO MAXVALUE
    CACHE 1;


ALTER TABLE public.auth_user_id_seq OWNER TO jose;

--
-- Name: auth_user_id_seq; Type: SEQUENCE OWNED BY; Schema: public; Owner: jose
--

ALTER SEQUENCE public.auth_user_id_seq OWNED BY public.auth_user.id;


--
-- Name: auth_user_user_permissions; Type: TABLE; Schema: public; Owner: jose
--

CREATE TABLE public.auth_user_user_permissions (
    id bigint NOT NULL,
    user_id integer NOT NULL,
    permission_id integer NOT NULL
);


ALTER TABLE public.auth_user_user_permissions OWNER TO jose;

--
-- Name: auth_user_user_permissions_id_seq; Type: SEQUENCE; Schema: public; Owner: jose
--

CREATE SEQUENCE public.auth_user_user_permissions_id_seq
    START WITH 1
    INCREMENT BY 1
    NO MINVALUE
    NO MAXVALUE
    CACHE 1;


ALTER TABLE public.auth_user_user_permissions_id_seq OWNER TO jose;

--
-- Name: auth_user_user_permissions_id_seq; Type: SEQUENCE OWNED BY; Schema: public; Owner: jose
--

ALTER SEQUENCE public.auth_user_user_permissions_id_seq OWNED BY public.auth_user_user_permissions.id;


--
-- Name: coches_coche; Type: TABLE; Schema: public; Owner: jose
--

CREATE TABLE public.coches_coche (
    id bigint NOT NULL,
    created timestamp with time zone NOT NULL,
    modified timestamp with time zone NOT NULL,
    fecha_creacion date NOT NULL,
    marca_id bigint NOT NULL,
    modelo_id bigint NOT NULL,
    imagen character varying(100) NOT NULL,
    portada boolean NOT NULL
);


ALTER TABLE public.coches_coche OWNER TO jose;

--
-- Name: coches_coche_id_seq; Type: SEQUENCE; Schema: public; Owner: jose
--

CREATE SEQUENCE public.coches_coche_id_seq
    START WITH 1
    INCREMENT BY 1
    NO MINVALUE
    NO MAXVALUE
    CACHE 1;


ALTER TABLE public.coches_coche_id_seq OWNER TO jose;

--
-- Name: coches_coche_id_seq; Type: SEQUENCE OWNED BY; Schema: public; Owner: jose
--

ALTER SEQUENCE public.coches_coche_id_seq OWNED BY public.coches_coche.id;


--
-- Name: coches_marca; Type: TABLE; Schema: public; Owner: jose
--

CREATE TABLE public.coches_marca (
    id bigint NOT NULL,
    created timestamp with time zone NOT NULL,
    modified timestamp with time zone NOT NULL,
    nombre character varying(35) NOT NULL,
    logo character varying(100) NOT NULL
);


ALTER TABLE public.coches_marca OWNER TO jose;

--
-- Name: coches_marca_id_seq; Type: SEQUENCE; Schema: public; Owner: jose
--

CREATE SEQUENCE public.coches_marca_id_seq
    START WITH 1
    INCREMENT BY 1
    NO MINVALUE
    NO MAXVALUE
    CACHE 1;


ALTER TABLE public.coches_marca_id_seq OWNER TO jose;

--
-- Name: coches_marca_id_seq; Type: SEQUENCE OWNED BY; Schema: public; Owner: jose
--

ALTER SEQUENCE public.coches_marca_id_seq OWNED BY public.coches_marca.id;


--
-- Name: coches_modelo; Type: TABLE; Schema: public; Owner: jose
--

CREATE TABLE public.coches_modelo (
    id bigint NOT NULL,
    created timestamp with time zone NOT NULL,
    modified timestamp with time zone NOT NULL,
    nombre character varying(35) NOT NULL,
    marca_id bigint NOT NULL
);


ALTER TABLE public.coches_modelo OWNER TO jose;

--
-- Name: coches_modelo_id_seq; Type: SEQUENCE; Schema: public; Owner: jose
--

CREATE SEQUENCE public.coches_modelo_id_seq
    START WITH 1
    INCREMENT BY 1
    NO MINVALUE
    NO MAXVALUE
    CACHE 1;


ALTER TABLE public.coches_modelo_id_seq OWNER TO jose;

--
-- Name: coches_modelo_id_seq; Type: SEQUENCE OWNED BY; Schema: public; Owner: jose
--

ALTER SEQUENCE public.coches_modelo_id_seq OWNED BY public.coches_modelo.id;


--
-- Name: django_admin_log; Type: TABLE; Schema: public; Owner: jose
--

CREATE TABLE public.django_admin_log (
    id integer NOT NULL,
    action_time timestamp with time zone NOT NULL,
    object_id text,
    object_repr character varying(200) NOT NULL,
    action_flag smallint NOT NULL,
    change_message text NOT NULL,
    content_type_id integer,
    user_id integer NOT NULL,
    CONSTRAINT django_admin_log_action_flag_check CHECK ((action_flag >= 0))
);


ALTER TABLE public.django_admin_log OWNER TO jose;

--
-- Name: django_admin_log_id_seq; Type: SEQUENCE; Schema: public; Owner: jose
--

CREATE SEQUENCE public.django_admin_log_id_seq
    AS integer
    START WITH 1
    INCREMENT BY 1
    NO MINVALUE
    NO MAXVALUE
    CACHE 1;


ALTER TABLE public.django_admin_log_id_seq OWNER TO jose;

--
-- Name: django_admin_log_id_seq; Type: SEQUENCE OWNED BY; Schema: public; Owner: jose
--

ALTER SEQUENCE public.django_admin_log_id_seq OWNED BY public.django_admin_log.id;


--
-- Name: django_content_type; Type: TABLE; Schema: public; Owner: jose
--

CREATE TABLE public.django_content_type (
    id integer NOT NULL,
    app_label character varying(100) NOT NULL,
    model character varying(100) NOT NULL
);


ALTER TABLE public.django_content_type OWNER TO jose;

--
-- Name: django_content_type_id_seq; Type: SEQUENCE; Schema: public; Owner: jose
--

CREATE SEQUENCE public.django_content_type_id_seq
    AS integer
    START WITH 1
    INCREMENT BY 1
    NO MINVALUE
    NO MAXVALUE
    CACHE 1;


ALTER TABLE public.django_content_type_id_seq OWNER TO jose;

--
-- Name: django_content_type_id_seq; Type: SEQUENCE OWNED BY; Schema: public; Owner: jose
--

ALTER SEQUENCE public.django_content_type_id_seq OWNED BY public.django_content_type.id;


--
-- Name: django_migrations; Type: TABLE; Schema: public; Owner: jose
--

CREATE TABLE public.django_migrations (
    id bigint NOT NULL,
    app character varying(255) NOT NULL,
    name character varying(255) NOT NULL,
    applied timestamp with time zone NOT NULL
);


ALTER TABLE public.django_migrations OWNER TO jose;

--
-- Name: django_migrations_id_seq; Type: SEQUENCE; Schema: public; Owner: jose
--

CREATE SEQUENCE public.django_migrations_id_seq
    START WITH 1
    INCREMENT BY 1
    NO MINVALUE
    NO MAXVALUE
    CACHE 1;


ALTER TABLE public.django_migrations_id_seq OWNER TO jose;

--
-- Name: django_migrations_id_seq; Type: SEQUENCE OWNED BY; Schema: public; Owner: jose
--

ALTER SEQUENCE public.django_migrations_id_seq OWNED BY public.django_migrations.id;


--
-- Name: django_session; Type: TABLE; Schema: public; Owner: jose
--

CREATE TABLE public.django_session (
    session_key character varying(40) NOT NULL,
    session_data text NOT NULL,
    expire_date timestamp with time zone NOT NULL
);


ALTER TABLE public.django_session OWNER TO jose;

--
-- Name: auth_group id; Type: DEFAULT; Schema: public; Owner: jose
--

ALTER TABLE ONLY public.auth_group ALTER COLUMN id SET DEFAULT nextval('public.auth_group_id_seq'::regclass);


--
-- Name: auth_group_permissions id; Type: DEFAULT; Schema: public; Owner: jose
--

ALTER TABLE ONLY public.auth_group_permissions ALTER COLUMN id SET DEFAULT nextval('public.auth_group_permissions_id_seq'::regclass);


--
-- Name: auth_permission id; Type: DEFAULT; Schema: public; Owner: jose
--

ALTER TABLE ONLY public.auth_permission ALTER COLUMN id SET DEFAULT nextval('public.auth_permission_id_seq'::regclass);


--
-- Name: auth_user id; Type: DEFAULT; Schema: public; Owner: jose
--

ALTER TABLE ONLY public.auth_user ALTER COLUMN id SET DEFAULT nextval('public.auth_user_id_seq'::regclass);


--
-- Name: auth_user_groups id; Type: DEFAULT; Schema: public; Owner: jose
--

ALTER TABLE ONLY public.auth_user_groups ALTER COLUMN id SET DEFAULT nextval('public.auth_user_groups_id_seq'::regclass);


--
-- Name: auth_user_user_permissions id; Type: DEFAULT; Schema: public; Owner: jose
--

ALTER TABLE ONLY public.auth_user_user_permissions ALTER COLUMN id SET DEFAULT nextval('public.auth_user_user_permissions_id_seq'::regclass);


--
-- Name: coches_coche id; Type: DEFAULT; Schema: public; Owner: jose
--

ALTER TABLE ONLY public.coches_coche ALTER COLUMN id SET DEFAULT nextval('public.coches_coche_id_seq'::regclass);


--
-- Name: coches_marca id; Type: DEFAULT; Schema: public; Owner: jose
--

ALTER TABLE ONLY public.coches_marca ALTER COLUMN id SET DEFAULT nextval('public.coches_marca_id_seq'::regclass);


--
-- Name: coches_modelo id; Type: DEFAULT; Schema: public; Owner: jose
--

ALTER TABLE ONLY public.coches_modelo ALTER COLUMN id SET DEFAULT nextval('public.coches_modelo_id_seq'::regclass);


--
-- Name: django_admin_log id; Type: DEFAULT; Schema: public; Owner: jose
--

ALTER TABLE ONLY public.django_admin_log ALTER COLUMN id SET DEFAULT nextval('public.django_admin_log_id_seq'::regclass);


--
-- Name: django_content_type id; Type: DEFAULT; Schema: public; Owner: jose
--

ALTER TABLE ONLY public.django_content_type ALTER COLUMN id SET DEFAULT nextval('public.django_content_type_id_seq'::regclass);


--
-- Name: django_migrations id; Type: DEFAULT; Schema: public; Owner: jose
--

ALTER TABLE ONLY public.django_migrations ALTER COLUMN id SET DEFAULT nextval('public.django_migrations_id_seq'::regclass);


--
-- Data for Name: auth_group; Type: TABLE DATA; Schema: public; Owner: jose
--

COPY public.auth_group (id, name) FROM stdin;
\.


--
-- Data for Name: auth_group_permissions; Type: TABLE DATA; Schema: public; Owner: jose
--

COPY public.auth_group_permissions (id, group_id, permission_id) FROM stdin;
\.


--
-- Data for Name: auth_permission; Type: TABLE DATA; Schema: public; Owner: jose
--

COPY public.auth_permission (id, name, content_type_id, codename) FROM stdin;
1	Can add log entry	1	add_logentry
2	Can change log entry	1	change_logentry
3	Can delete log entry	1	delete_logentry
4	Can view log entry	1	view_logentry
5	Can add permission	2	add_permission
6	Can change permission	2	change_permission
7	Can delete permission	2	delete_permission
8	Can view permission	2	view_permission
9	Can add group	3	add_group
10	Can change group	3	change_group
11	Can delete group	3	delete_group
12	Can view group	3	view_group
13	Can add user	4	add_user
14	Can change user	4	change_user
15	Can delete user	4	delete_user
16	Can view user	4	view_user
17	Can add content type	5	add_contenttype
18	Can change content type	5	change_contenttype
19	Can delete content type	5	delete_contenttype
20	Can view content type	5	view_contenttype
21	Can add session	6	add_session
22	Can change session	6	change_session
23	Can delete session	6	delete_session
24	Can view session	6	view_session
25	Can add Marca	7	add_marca
26	Can change Marca	7	change_marca
27	Can delete Marca	7	delete_marca
28	Can view Marca	7	view_marca
29	Can add Modelo	8	add_modelo
30	Can change Modelo	8	change_modelo
31	Can delete Modelo	8	delete_modelo
32	Can view Modelo	8	view_modelo
33	Can add Coche	9	add_coche
34	Can change Coche	9	change_coche
35	Can delete Coche	9	delete_coche
36	Can view Coche	9	view_coche
\.


--
-- Data for Name: auth_user; Type: TABLE DATA; Schema: public; Owner: jose
--

COPY public.auth_user (id, password, last_login, is_superuser, username, first_name, last_name, email, is_staff, is_active, date_joined) FROM stdin;
1	pbkdf2_sha256$320000$Y5M0zUTieKXHMJ6bsYt48Y$zmJexLKJ4Tx85Httg/pncfOzXJA9VvVzJaFo2qvFL4E=	2022-09-01 21:30:38.869371+02	t	jose			migueless91@gmail.com	t	t	2022-09-01 21:30:25.750378+02
\.


--
-- Data for Name: auth_user_groups; Type: TABLE DATA; Schema: public; Owner: jose
--

COPY public.auth_user_groups (id, user_id, group_id) FROM stdin;
\.


--
-- Data for Name: auth_user_user_permissions; Type: TABLE DATA; Schema: public; Owner: jose
--

COPY public.auth_user_user_permissions (id, user_id, permission_id) FROM stdin;
\.


--
-- Data for Name: coches_coche; Type: TABLE DATA; Schema: public; Owner: jose
--

COPY public.coches_coche (id, created, modified, fecha_creacion, marca_id, modelo_id, imagen, portada) FROM stdin;
2	2022-09-02 17:35:51.953591+02	2022-09-02 17:40:12.238757+02	2022-09-02	2	2	imgs/fordfiesta_ZfzYxz6.jpg	t
3	2022-09-02 17:49:20.89268+02	2022-09-02 17:49:20.89268+02	2022-09-02	2	4	imgs/ranger.jpeg	t
4	2022-09-07 19:19:53.49865+02	2022-09-07 19:19:53.49865+02	2000-05-10	5	5		f
5	2022-09-07 19:21:20.081207+02	2022-09-07 19:21:20.081207+02	2001-03-05	5	8		f
6	2022-09-07 19:21:31.781396+02	2022-09-07 19:21:31.781396+02	2010-01-06	5	9		f
7	2022-09-09 19:58:31.841403+02	2022-09-09 19:58:31.841403+02	1992-02-12	2	2		f
9	2022-09-11 20:06:50.431722+02	2022-09-11 20:06:50.431722+02	1900-10-10	8	30		f
11	2022-09-11 20:07:34.223225+02	2022-09-11 20:07:34.223225+02	1988-04-05	10	39		f
10	2022-09-11 20:07:16.310846+02	2022-09-11 20:07:57.415632+02	1954-10-10	6	27		f
\.


--
-- Data for Name: coches_marca; Type: TABLE DATA; Schema: public; Owner: jose
--

COPY public.coches_marca (id, created, modified, nombre, logo) FROM stdin;
2	2022-09-02 17:35:39.191033+02	2022-09-02 19:16:20.64005+02	Ford	imgs/Logo-ford_VeAanQD.png
1	2022-09-02 17:19:15.826719+02	2022-09-02 19:16:28.739456+02	Opel	imgs/logoOpel_IBXd85m.jpeg
4	2022-09-07 19:03:59.610553+02	2022-09-07 19:03:59.610553+02	Mercedes	imgs/mercedes.jpg
5	2022-09-07 19:08:02.513644+02	2022-09-07 19:08:02.513644+02	Aston Martin	imgs/astonmartin.jpg
6	2022-09-07 19:08:31.98922+02	2022-09-07 19:08:31.98922+02	Renault	imgs/renault.png
8	2022-09-11 19:45:23.656125+02	2022-09-11 19:45:23.656125+02	Seat	imgs/seat.png
9	2022-09-11 19:46:28.571985+02	2022-09-11 19:46:28.571985+02	Nissan	imgs/nissan.jpg
10	2022-09-11 19:46:46.975137+02	2022-09-11 19:46:46.975137+02	Peugeot	imgs/peugeot.png
11	2022-09-11 19:47:03.041039+02	2022-09-11 19:47:03.041039+02	Porsche	imgs/porsche.jpg
12	2022-09-11 19:47:22.609898+02	2022-09-11 19:47:22.609898+02	Dodge	imgs/dodge.jpg
13	2022-09-11 19:47:56.233549+02	2022-09-11 19:47:56.233549+02	Chevrolet	imgs/chevrolet.jpg
14	2022-09-11 19:48:08.743846+02	2022-09-11 19:48:08.743846+02	Bentley	imgs/bentley.png
15	2022-09-11 19:48:24.964561+02	2022-09-11 19:48:24.964561+02	Cadillac	imgs/cadillac.jpg
16	2022-09-11 19:48:34.896429+02	2022-09-11 19:48:34.896429+02	Austin	imgs/austin.png
17	2022-09-11 19:48:46.090155+02	2022-09-11 19:48:46.090155+02	Alfa Romeo	imgs/alfaRomeo.jpg
18	2022-09-11 19:48:53.927833+02	2022-09-11 19:48:53.927833+02	BMW	imgs/bmw.jpg
3	2022-09-07 14:47:35.800788+02	2022-09-11 19:56:28.203401+02	Ferrari	imgs/ferrari.jpg
\.


--
-- Data for Name: coches_modelo; Type: TABLE DATA; Schema: public; Owner: jose
--

COPY public.coches_modelo (id, created, modified, nombre, marca_id) FROM stdin;
2	2022-09-02 17:35:45.862201+02	2022-09-02 17:35:45.862201+02	Fiesta	2
3	2022-09-02 17:48:30.057936+02	2022-09-02 17:48:30.057936+02	Mustang S	2
4	2022-09-02 17:48:48.293626+02	2022-09-02 17:48:48.293626+02	Ranger	2
5	2022-09-07 19:15:22.452068+02	2022-09-07 19:15:22.452068+02	DB7	5
6	2022-09-07 19:16:14.011092+02	2022-09-07 19:16:14.011092+02	V8	5
7	2022-09-07 19:16:21.54594+02	2022-09-07 19:16:21.54594+02	DB9	5
8	2022-09-07 19:16:38.329792+02	2022-09-07 19:16:38.329792+02	Vanquish	5
9	2022-09-07 19:16:47.332831+02	2022-09-07 19:16:47.332831+02	V8 Vantage	5
12	2022-09-11 19:50:45.071555+02	2022-09-11 19:50:45.071555+02	Montego	16
13	2022-09-11 19:50:51.512805+02	2022-09-11 19:50:51.512805+02	Maestro	16
14	2022-09-11 19:50:55.922637+02	2022-09-11 19:50:55.922637+02	Metro	16
15	2022-09-11 19:51:01.459339+02	2022-09-11 19:51:01.459339+02	Diesel	16
16	2022-09-11 19:51:07.078068+02	2022-09-11 19:51:07.078068+02	Mini Moke	16
17	2022-09-11 19:51:56.104721+02	2022-09-11 19:51:56.104721+02	550 Maranello	3
18	2022-09-11 19:52:03.304584+02	2022-09-11 19:52:03.304584+02	F50	3
19	2022-09-11 19:52:07.5797+02	2022-09-11 19:52:07.5797+02	Enzo	3
20	2022-09-11 19:52:15.713186+02	2022-09-11 19:52:15.713186+02	Testarossa	3
21	2022-09-11 19:52:21.947454+02	2022-09-11 19:52:21.947454+02	Mondial	3
22	2022-09-11 19:52:28.623424+02	2022-09-11 19:52:28.623424+02	F40	3
23	2022-09-11 19:52:51.056202+02	2022-09-11 19:52:51.056202+02	Megane	6
24	2022-09-11 19:52:59.5169+02	2022-09-11 19:52:59.5169+02	Laguna	6
25	2022-09-11 19:53:04.548973+02	2022-09-11 19:53:04.548973+02	Clio	6
26	2022-09-11 19:53:11.421238+02	2022-09-11 19:53:11.421238+02	Spider	6
27	2022-09-11 19:53:15.323872+02	2022-09-11 19:53:15.323872+02	Scenic	6
28	2022-09-11 19:53:21.755649+02	2022-09-11 19:53:21.755649+02	Avantime	6
29	2022-09-11 19:53:32.985606+02	2022-09-11 19:53:32.985606+02	Ibiza	8
30	2022-09-11 19:53:42.028544+02	2022-09-11 19:53:42.028544+02	Cordoba	8
31	2022-09-11 19:53:47.426792+02	2022-09-11 19:53:47.426792+02	Leon	8
32	2022-09-11 19:53:56.649429+02	2022-09-11 19:55:48.07889+02	Terra	8
33	2022-09-11 19:56:50.042875+02	2022-09-11 19:56:50.042875+02	Pathfinder	9
34	2022-09-11 19:56:55.660737+02	2022-09-11 19:56:55.660737+02	Almera	9
35	2022-09-11 19:57:00.553379+02	2022-09-11 19:57:00.553379+02	Xtrail	9
36	2022-09-11 19:57:10.390795+02	2022-09-11 19:57:10.390795+02	Qashqai	9
37	2022-09-11 19:57:17.578302+02	2022-09-11 19:57:17.578302+02	Trade	9
38	2022-09-11 19:57:23.44894+02	2022-09-11 19:57:23.44894+02	Navara	9
39	2022-09-11 19:57:36.446989+02	2022-09-11 19:57:36.446989+02	306	10
40	2022-09-11 19:57:46.395898+02	2022-09-11 19:57:46.395898+02	605	10
41	2022-09-11 19:57:50.400697+02	2022-09-11 19:57:50.400697+02	106	10
42	2022-09-11 19:58:01.552658+02	2022-09-11 19:58:01.552658+02	405	10
43	2022-09-11 19:58:05.541034+02	2022-09-11 19:58:05.541034+02	406	10
44	2022-09-11 19:59:07.293701+02	2022-09-11 19:59:07.293701+02	Cayman	11
45	2022-09-11 19:59:13.240111+02	2022-09-11 19:59:13.240111+02	Panamera	11
46	2022-09-11 19:59:33.680786+02	2022-09-11 19:59:33.680786+02	Viper	12
47	2022-09-11 19:59:38.214208+02	2022-09-11 19:59:38.214208+02	Calibe	12
48	2022-09-11 19:59:44.232347+02	2022-09-11 19:59:44.232347+02	Nitro	12
49	2022-09-11 19:59:47.960976+02	2022-09-11 19:59:47.960976+02	Avenger	12
50	2022-09-11 20:00:02.492515+02	2022-09-11 20:00:02.492515+02	Camaro	13
51	2022-09-11 20:00:08.078787+02	2022-09-11 20:00:08.078787+02	Kalos	13
52	2022-09-11 20:00:12.205336+02	2022-09-11 20:00:12.205336+02	Tacuma	13
53	2022-09-11 20:00:16.381407+02	2022-09-11 20:00:16.381407+02	Epica	13
54	2022-09-11 20:00:30.747491+02	2022-09-11 20:00:30.747491+02	Turbo	14
55	2022-09-11 20:00:39.486357+02	2022-09-11 20:00:39.486357+02	Continental	14
56	2022-09-11 20:00:44.793582+02	2022-09-11 20:00:44.793582+02	Azure	14
57	2022-09-11 20:00:52.182487+02	2022-09-11 20:00:52.182487+02	Arnage	14
58	2022-09-11 20:01:08.834446+02	2022-09-11 20:01:08.834446+02	El Dorado	15
59	2022-09-11 20:01:17.285614+02	2022-09-11 20:01:17.285614+02	Seville	15
60	2022-09-11 20:01:23.615598+02	2022-09-11 20:01:23.615598+02	Cts	15
61	2022-09-11 20:01:44.164496+02	2022-09-11 20:01:44.164496+02	Serie 3	18
62	2022-09-11 20:01:51.223733+02	2022-09-11 20:01:51.223733+02	Serie 5	18
63	2022-09-11 20:01:58.776335+02	2022-09-11 20:01:58.776335+02	Z3	18
1	2022-09-02 17:19:22.998711+02	2022-09-11 20:02:05.939006+02	Astra	1
\.


--
-- Data for Name: django_admin_log; Type: TABLE DATA; Schema: public; Owner: jose
--

COPY public.django_admin_log (id, action_time, object_id, object_repr, action_flag, change_message, content_type_id, user_id) FROM stdin;
1	2022-09-02 17:19:15.830867+02	1	1 Opel	1	[{"added": {}}]	7	1
2	2022-09-02 17:19:23.001565+02	1	Opel Astra	1	[{"added": {}}]	8	1
3	2022-09-02 17:19:33.271603+02	1	1 Astra 2022-09-02	1	[{"added": {}}]	9	1
4	2022-09-02 17:19:38.753421+02	1	1 Astra 2022-09-02	2	[{"changed": {"fields": ["Portada"]}}]	9	1
5	2022-09-02 17:31:17.572163+02	1	1 Astra 2022-09-02	2	[{"changed": {"fields": ["Imagen"]}}]	9	1
6	2022-09-02 17:34:28.393218+02	1	1 Astra 2022-09-02	2	[{"changed": {"fields": ["Imagen"]}}]	9	1
7	2022-09-02 17:35:39.192268+02	2	2 Ford	1	[{"added": {}}]	7	1
8	2022-09-02 17:35:45.864639+02	2	Ford Fiesta	1	[{"added": {}}]	8	1
9	2022-09-02 17:35:51.964447+02	2	2 Fiesta 2022-09-02	1	[{"added": {}}]	9	1
10	2022-09-02 17:37:01.634291+02	2	2 Fiesta 2022-09-02	2	[{"changed": {"fields": ["Imagen"]}}]	9	1
11	2022-09-02 17:37:36.687592+02	2	2 Fiesta 2022-09-02	2	[{"changed": {"fields": ["Imagen"]}}]	9	1
12	2022-09-02 17:38:39.728603+02	2	2 Fiesta 2022-09-02	2	[{"changed": {"fields": ["Imagen"]}}]	9	1
13	2022-09-02 17:39:49.007854+02	2	2 Fiesta 2022-09-02	2	[{"changed": {"fields": ["Imagen"]}}]	9	1
14	2022-09-02 17:40:12.239799+02	2	2 Fiesta 2022-09-02	2	[{"changed": {"fields": ["Imagen"]}}]	9	1
15	2022-09-02 17:48:30.060299+02	3	Ford Mustang S	1	[{"added": {}}]	8	1
16	2022-09-02 17:48:35.465234+02	1	1 Mustang S 2022-09-02	2	[{"changed": {"fields": ["Marca", "Modelo", "Imagen"]}}]	9	1
17	2022-09-02 17:48:48.296339+02	4	Ford Ranger	1	[{"added": {}}]	8	1
18	2022-09-02 17:49:20.902211+02	3	3 Ranger 2022-09-02	1	[{"added": {}}]	9	1
19	2022-09-02 19:11:36.061398+02	2	2 Ford	2	[{"changed": {"fields": ["Logo"]}}]	7	1
20	2022-09-02 19:11:42.360637+02	1	1 Opel	2	[{"changed": {"fields": ["Logo"]}}]	7	1
21	2022-09-02 19:14:56.063312+02	2	2 Ford	2	[{"changed": {"fields": ["Logo"]}}]	7	1
22	2022-09-02 19:15:07.716782+02	1	1 Opel	2	[{"changed": {"fields": ["Logo"]}}]	7	1
23	2022-09-02 19:16:20.641067+02	2	2 Ford	2	[{"changed": {"fields": ["Logo"]}}]	7	1
24	2022-09-02 19:16:28.740727+02	1	1 Opel	2	[{"changed": {"fields": ["Logo"]}}]	7	1
25	2022-09-07 19:02:19.099379+02	3	Ferrari	2	[{"changed": {"fields": ["Logo"]}}]	7	1
26	2022-09-07 19:24:48.572123+02	7	Audi	3		7	1
27	2022-09-07 19:25:44.677176+02	10	asfasdf	3		8	1
\.


--
-- Data for Name: django_content_type; Type: TABLE DATA; Schema: public; Owner: jose
--

COPY public.django_content_type (id, app_label, model) FROM stdin;
1	admin	logentry
2	auth	permission
3	auth	group
4	auth	user
5	contenttypes	contenttype
6	sessions	session
7	coches	marca
8	coches	modelo
9	coches	coche
\.


--
-- Data for Name: django_migrations; Type: TABLE DATA; Schema: public; Owner: jose
--

COPY public.django_migrations (id, app, name, applied) FROM stdin;
1	contenttypes	0001_initial	2022-09-01 21:29:58.4015+02
2	auth	0001_initial	2022-09-01 21:29:58.441735+02
3	admin	0001_initial	2022-09-01 21:29:58.453219+02
4	admin	0002_logentry_remove_auto_add	2022-09-01 21:29:58.457775+02
5	admin	0003_logentry_add_action_flag_choices	2022-09-01 21:29:58.46244+02
6	contenttypes	0002_remove_content_type_name	2022-09-01 21:29:58.471089+02
7	auth	0002_alter_permission_name_max_length	2022-09-01 21:29:58.475524+02
8	auth	0003_alter_user_email_max_length	2022-09-01 21:29:58.480854+02
9	auth	0004_alter_user_username_opts	2022-09-01 21:29:58.486758+02
10	auth	0005_alter_user_last_login_null	2022-09-01 21:29:58.491643+02
11	auth	0006_require_contenttypes_0002	2022-09-01 21:29:58.492726+02
12	auth	0007_alter_validators_add_error_messages	2022-09-01 21:29:58.496744+02
13	auth	0008_alter_user_username_max_length	2022-09-01 21:29:58.503003+02
14	auth	0009_alter_user_last_name_max_length	2022-09-01 21:29:58.507258+02
15	auth	0010_alter_group_name_max_length	2022-09-01 21:29:58.512801+02
16	auth	0011_update_proxy_permissions	2022-09-01 21:29:58.51718+02
17	auth	0012_alter_user_first_name_max_length	2022-09-01 21:29:58.522294+02
18	coches	0001_initial	2022-09-01 21:29:58.541839+02
19	coches	0002_coche_imagen_coche_portada	2022-09-01 21:29:58.548067+02
20	sessions	0001_initial	2022-09-01 21:29:58.554801+02
21	coches	0003_marca_logo	2022-09-02 19:04:30.693483+02
22	coches	0004_alter_coche_imagen	2022-09-07 14:34:39.027096+02
23	coches	0005_alter_marca_logo	2022-09-07 14:46:38.499425+02
\.


--
-- Data for Name: django_session; Type: TABLE DATA; Schema: public; Owner: jose
--

COPY public.django_session (session_key, session_data, expire_date) FROM stdin;
92e013b7pnkpxkl0af7ebz94d5e807e9	.eJxVjMEOwiAQRP-FsyHQAoJH734D2WUXqRpISnsy_rtt0oMeZ96beYsI61Li2nmOE4mL0OL02yGkJ9cd0APqvcnU6jJPKHdFHrTLWyN-XQ_376BAL9t6YB6yNx6JcsKRAzunySMGizjmM2mjNAYOQZFTAEo5Y60HR1scgxOfLwxoODo:1oTpte:SBQZLGLbjyhkZLzE-MHNf7x_zP0nXDhOMXybIGLat98	2022-09-15 21:30:38.870684+02
\.


--
-- Name: auth_group_id_seq; Type: SEQUENCE SET; Schema: public; Owner: jose
--

SELECT pg_catalog.setval('public.auth_group_id_seq', 1, false);


--
-- Name: auth_group_permissions_id_seq; Type: SEQUENCE SET; Schema: public; Owner: jose
--

SELECT pg_catalog.setval('public.auth_group_permissions_id_seq', 1, false);


--
-- Name: auth_permission_id_seq; Type: SEQUENCE SET; Schema: public; Owner: jose
--

SELECT pg_catalog.setval('public.auth_permission_id_seq', 36, true);


--
-- Name: auth_user_groups_id_seq; Type: SEQUENCE SET; Schema: public; Owner: jose
--

SELECT pg_catalog.setval('public.auth_user_groups_id_seq', 1, false);


--
-- Name: auth_user_id_seq; Type: SEQUENCE SET; Schema: public; Owner: jose
--

SELECT pg_catalog.setval('public.auth_user_id_seq', 1, true);


--
-- Name: auth_user_user_permissions_id_seq; Type: SEQUENCE SET; Schema: public; Owner: jose
--

SELECT pg_catalog.setval('public.auth_user_user_permissions_id_seq', 1, false);


--
-- Name: coches_coche_id_seq; Type: SEQUENCE SET; Schema: public; Owner: jose
--

SELECT pg_catalog.setval('public.coches_coche_id_seq', 11, true);


--
-- Name: coches_marca_id_seq; Type: SEQUENCE SET; Schema: public; Owner: jose
--

SELECT pg_catalog.setval('public.coches_marca_id_seq', 18, true);


--
-- Name: coches_modelo_id_seq; Type: SEQUENCE SET; Schema: public; Owner: jose
--

SELECT pg_catalog.setval('public.coches_modelo_id_seq', 63, true);


--
-- Name: django_admin_log_id_seq; Type: SEQUENCE SET; Schema: public; Owner: jose
--

SELECT pg_catalog.setval('public.django_admin_log_id_seq', 27, true);


--
-- Name: django_content_type_id_seq; Type: SEQUENCE SET; Schema: public; Owner: jose
--

SELECT pg_catalog.setval('public.django_content_type_id_seq', 9, true);


--
-- Name: django_migrations_id_seq; Type: SEQUENCE SET; Schema: public; Owner: jose
--

SELECT pg_catalog.setval('public.django_migrations_id_seq', 23, true);


--
-- Name: auth_group auth_group_name_key; Type: CONSTRAINT; Schema: public; Owner: jose
--

ALTER TABLE ONLY public.auth_group
    ADD CONSTRAINT auth_group_name_key UNIQUE (name);


--
-- Name: auth_group_permissions auth_group_permissions_group_id_permission_id_0cd325b0_uniq; Type: CONSTRAINT; Schema: public; Owner: jose
--

ALTER TABLE ONLY public.auth_group_permissions
    ADD CONSTRAINT auth_group_permissions_group_id_permission_id_0cd325b0_uniq UNIQUE (group_id, permission_id);


--
-- Name: auth_group_permissions auth_group_permissions_pkey; Type: CONSTRAINT; Schema: public; Owner: jose
--

ALTER TABLE ONLY public.auth_group_permissions
    ADD CONSTRAINT auth_group_permissions_pkey PRIMARY KEY (id);


--
-- Name: auth_group auth_group_pkey; Type: CONSTRAINT; Schema: public; Owner: jose
--

ALTER TABLE ONLY public.auth_group
    ADD CONSTRAINT auth_group_pkey PRIMARY KEY (id);


--
-- Name: auth_permission auth_permission_content_type_id_codename_01ab375a_uniq; Type: CONSTRAINT; Schema: public; Owner: jose
--

ALTER TABLE ONLY public.auth_permission
    ADD CONSTRAINT auth_permission_content_type_id_codename_01ab375a_uniq UNIQUE (content_type_id, codename);


--
-- Name: auth_permission auth_permission_pkey; Type: CONSTRAINT; Schema: public; Owner: jose
--

ALTER TABLE ONLY public.auth_permission
    ADD CONSTRAINT auth_permission_pkey PRIMARY KEY (id);


--
-- Name: auth_user_groups auth_user_groups_pkey; Type: CONSTRAINT; Schema: public; Owner: jose
--

ALTER TABLE ONLY public.auth_user_groups
    ADD CONSTRAINT auth_user_groups_pkey PRIMARY KEY (id);


--
-- Name: auth_user_groups auth_user_groups_user_id_group_id_94350c0c_uniq; Type: CONSTRAINT; Schema: public; Owner: jose
--

ALTER TABLE ONLY public.auth_user_groups
    ADD CONSTRAINT auth_user_groups_user_id_group_id_94350c0c_uniq UNIQUE (user_id, group_id);


--
-- Name: auth_user auth_user_pkey; Type: CONSTRAINT; Schema: public; Owner: jose
--

ALTER TABLE ONLY public.auth_user
    ADD CONSTRAINT auth_user_pkey PRIMARY KEY (id);


--
-- Name: auth_user_user_permissions auth_user_user_permissions_pkey; Type: CONSTRAINT; Schema: public; Owner: jose
--

ALTER TABLE ONLY public.auth_user_user_permissions
    ADD CONSTRAINT auth_user_user_permissions_pkey PRIMARY KEY (id);


--
-- Name: auth_user_user_permissions auth_user_user_permissions_user_id_permission_id_14a6b632_uniq; Type: CONSTRAINT; Schema: public; Owner: jose
--

ALTER TABLE ONLY public.auth_user_user_permissions
    ADD CONSTRAINT auth_user_user_permissions_user_id_permission_id_14a6b632_uniq UNIQUE (user_id, permission_id);


--
-- Name: auth_user auth_user_username_key; Type: CONSTRAINT; Schema: public; Owner: jose
--

ALTER TABLE ONLY public.auth_user
    ADD CONSTRAINT auth_user_username_key UNIQUE (username);


--
-- Name: coches_coche coches_coche_fecha_creacion_marca_id_modelo_id_e964b410_uniq; Type: CONSTRAINT; Schema: public; Owner: jose
--

ALTER TABLE ONLY public.coches_coche
    ADD CONSTRAINT coches_coche_fecha_creacion_marca_id_modelo_id_e964b410_uniq UNIQUE (fecha_creacion, marca_id, modelo_id);


--
-- Name: coches_coche coches_coche_pkey; Type: CONSTRAINT; Schema: public; Owner: jose
--

ALTER TABLE ONLY public.coches_coche
    ADD CONSTRAINT coches_coche_pkey PRIMARY KEY (id);


--
-- Name: coches_marca coches_marca_nombre_key; Type: CONSTRAINT; Schema: public; Owner: jose
--

ALTER TABLE ONLY public.coches_marca
    ADD CONSTRAINT coches_marca_nombre_key UNIQUE (nombre);


--
-- Name: coches_marca coches_marca_pkey; Type: CONSTRAINT; Schema: public; Owner: jose
--

ALTER TABLE ONLY public.coches_marca
    ADD CONSTRAINT coches_marca_pkey PRIMARY KEY (id);


--
-- Name: coches_modelo coches_modelo_marca_id_nombre_80862f2c_uniq; Type: CONSTRAINT; Schema: public; Owner: jose
--

ALTER TABLE ONLY public.coches_modelo
    ADD CONSTRAINT coches_modelo_marca_id_nombre_80862f2c_uniq UNIQUE (marca_id, nombre);


--
-- Name: coches_modelo coches_modelo_pkey; Type: CONSTRAINT; Schema: public; Owner: jose
--

ALTER TABLE ONLY public.coches_modelo
    ADD CONSTRAINT coches_modelo_pkey PRIMARY KEY (id);


--
-- Name: django_admin_log django_admin_log_pkey; Type: CONSTRAINT; Schema: public; Owner: jose
--

ALTER TABLE ONLY public.django_admin_log
    ADD CONSTRAINT django_admin_log_pkey PRIMARY KEY (id);


--
-- Name: django_content_type django_content_type_app_label_model_76bd3d3b_uniq; Type: CONSTRAINT; Schema: public; Owner: jose
--

ALTER TABLE ONLY public.django_content_type
    ADD CONSTRAINT django_content_type_app_label_model_76bd3d3b_uniq UNIQUE (app_label, model);


--
-- Name: django_content_type django_content_type_pkey; Type: CONSTRAINT; Schema: public; Owner: jose
--

ALTER TABLE ONLY public.django_content_type
    ADD CONSTRAINT django_content_type_pkey PRIMARY KEY (id);


--
-- Name: django_migrations django_migrations_pkey; Type: CONSTRAINT; Schema: public; Owner: jose
--

ALTER TABLE ONLY public.django_migrations
    ADD CONSTRAINT django_migrations_pkey PRIMARY KEY (id);


--
-- Name: django_session django_session_pkey; Type: CONSTRAINT; Schema: public; Owner: jose
--

ALTER TABLE ONLY public.django_session
    ADD CONSTRAINT django_session_pkey PRIMARY KEY (session_key);


--
-- Name: auth_group_name_a6ea08ec_like; Type: INDEX; Schema: public; Owner: jose
--

CREATE INDEX auth_group_name_a6ea08ec_like ON public.auth_group USING btree (name varchar_pattern_ops);


--
-- Name: auth_group_permissions_group_id_b120cbf9; Type: INDEX; Schema: public; Owner: jose
--

CREATE INDEX auth_group_permissions_group_id_b120cbf9 ON public.auth_group_permissions USING btree (group_id);


--
-- Name: auth_group_permissions_permission_id_84c5c92e; Type: INDEX; Schema: public; Owner: jose
--

CREATE INDEX auth_group_permissions_permission_id_84c5c92e ON public.auth_group_permissions USING btree (permission_id);


--
-- Name: auth_permission_content_type_id_2f476e4b; Type: INDEX; Schema: public; Owner: jose
--

CREATE INDEX auth_permission_content_type_id_2f476e4b ON public.auth_permission USING btree (content_type_id);


--
-- Name: auth_user_groups_group_id_97559544; Type: INDEX; Schema: public; Owner: jose
--

CREATE INDEX auth_user_groups_group_id_97559544 ON public.auth_user_groups USING btree (group_id);


--
-- Name: auth_user_groups_user_id_6a12ed8b; Type: INDEX; Schema: public; Owner: jose
--

CREATE INDEX auth_user_groups_user_id_6a12ed8b ON public.auth_user_groups USING btree (user_id);


--
-- Name: auth_user_user_permissions_permission_id_1fbb5f2c; Type: INDEX; Schema: public; Owner: jose
--

CREATE INDEX auth_user_user_permissions_permission_id_1fbb5f2c ON public.auth_user_user_permissions USING btree (permission_id);


--
-- Name: auth_user_user_permissions_user_id_a95ead1b; Type: INDEX; Schema: public; Owner: jose
--

CREATE INDEX auth_user_user_permissions_user_id_a95ead1b ON public.auth_user_user_permissions USING btree (user_id);


--
-- Name: auth_user_username_6821ab7c_like; Type: INDEX; Schema: public; Owner: jose
--

CREATE INDEX auth_user_username_6821ab7c_like ON public.auth_user USING btree (username varchar_pattern_ops);


--
-- Name: coches_coche_marca_id_e08de1e1; Type: INDEX; Schema: public; Owner: jose
--

CREATE INDEX coches_coche_marca_id_e08de1e1 ON public.coches_coche USING btree (marca_id);


--
-- Name: coches_coche_modelo_id_15c4e6bb; Type: INDEX; Schema: public; Owner: jose
--

CREATE INDEX coches_coche_modelo_id_15c4e6bb ON public.coches_coche USING btree (modelo_id);


--
-- Name: coches_marca_nombre_b7bcc7a7_like; Type: INDEX; Schema: public; Owner: jose
--

CREATE INDEX coches_marca_nombre_b7bcc7a7_like ON public.coches_marca USING btree (nombre varchar_pattern_ops);


--
-- Name: coches_modelo_marca_id_e12682ed; Type: INDEX; Schema: public; Owner: jose
--

CREATE INDEX coches_modelo_marca_id_e12682ed ON public.coches_modelo USING btree (marca_id);


--
-- Name: django_admin_log_content_type_id_c4bce8eb; Type: INDEX; Schema: public; Owner: jose
--

CREATE INDEX django_admin_log_content_type_id_c4bce8eb ON public.django_admin_log USING btree (content_type_id);


--
-- Name: django_admin_log_user_id_c564eba6; Type: INDEX; Schema: public; Owner: jose
--

CREATE INDEX django_admin_log_user_id_c564eba6 ON public.django_admin_log USING btree (user_id);


--
-- Name: django_session_expire_date_a5c62663; Type: INDEX; Schema: public; Owner: jose
--

CREATE INDEX django_session_expire_date_a5c62663 ON public.django_session USING btree (expire_date);


--
-- Name: django_session_session_key_c0390e0f_like; Type: INDEX; Schema: public; Owner: jose
--

CREATE INDEX django_session_session_key_c0390e0f_like ON public.django_session USING btree (session_key varchar_pattern_ops);


--
-- Name: auth_group_permissions auth_group_permissio_permission_id_84c5c92e_fk_auth_perm; Type: FK CONSTRAINT; Schema: public; Owner: jose
--

ALTER TABLE ONLY public.auth_group_permissions
    ADD CONSTRAINT auth_group_permissio_permission_id_84c5c92e_fk_auth_perm FOREIGN KEY (permission_id) REFERENCES public.auth_permission(id) DEFERRABLE INITIALLY DEFERRED;


--
-- Name: auth_group_permissions auth_group_permissions_group_id_b120cbf9_fk_auth_group_id; Type: FK CONSTRAINT; Schema: public; Owner: jose
--

ALTER TABLE ONLY public.auth_group_permissions
    ADD CONSTRAINT auth_group_permissions_group_id_b120cbf9_fk_auth_group_id FOREIGN KEY (group_id) REFERENCES public.auth_group(id) DEFERRABLE INITIALLY DEFERRED;


--
-- Name: auth_permission auth_permission_content_type_id_2f476e4b_fk_django_co; Type: FK CONSTRAINT; Schema: public; Owner: jose
--

ALTER TABLE ONLY public.auth_permission
    ADD CONSTRAINT auth_permission_content_type_id_2f476e4b_fk_django_co FOREIGN KEY (content_type_id) REFERENCES public.django_content_type(id) DEFERRABLE INITIALLY DEFERRED;


--
-- Name: auth_user_groups auth_user_groups_group_id_97559544_fk_auth_group_id; Type: FK CONSTRAINT; Schema: public; Owner: jose
--

ALTER TABLE ONLY public.auth_user_groups
    ADD CONSTRAINT auth_user_groups_group_id_97559544_fk_auth_group_id FOREIGN KEY (group_id) REFERENCES public.auth_group(id) DEFERRABLE INITIALLY DEFERRED;


--
-- Name: auth_user_groups auth_user_groups_user_id_6a12ed8b_fk_auth_user_id; Type: FK CONSTRAINT; Schema: public; Owner: jose
--

ALTER TABLE ONLY public.auth_user_groups
    ADD CONSTRAINT auth_user_groups_user_id_6a12ed8b_fk_auth_user_id FOREIGN KEY (user_id) REFERENCES public.auth_user(id) DEFERRABLE INITIALLY DEFERRED;


--
-- Name: auth_user_user_permissions auth_user_user_permi_permission_id_1fbb5f2c_fk_auth_perm; Type: FK CONSTRAINT; Schema: public; Owner: jose
--

ALTER TABLE ONLY public.auth_user_user_permissions
    ADD CONSTRAINT auth_user_user_permi_permission_id_1fbb5f2c_fk_auth_perm FOREIGN KEY (permission_id) REFERENCES public.auth_permission(id) DEFERRABLE INITIALLY DEFERRED;


--
-- Name: auth_user_user_permissions auth_user_user_permissions_user_id_a95ead1b_fk_auth_user_id; Type: FK CONSTRAINT; Schema: public; Owner: jose
--

ALTER TABLE ONLY public.auth_user_user_permissions
    ADD CONSTRAINT auth_user_user_permissions_user_id_a95ead1b_fk_auth_user_id FOREIGN KEY (user_id) REFERENCES public.auth_user(id) DEFERRABLE INITIALLY DEFERRED;


--
-- Name: coches_coche coches_coche_marca_id_e08de1e1_fk_coches_marca_id; Type: FK CONSTRAINT; Schema: public; Owner: jose
--

ALTER TABLE ONLY public.coches_coche
    ADD CONSTRAINT coches_coche_marca_id_e08de1e1_fk_coches_marca_id FOREIGN KEY (marca_id) REFERENCES public.coches_marca(id) DEFERRABLE INITIALLY DEFERRED;


--
-- Name: coches_coche coches_coche_modelo_id_15c4e6bb_fk_coches_modelo_id; Type: FK CONSTRAINT; Schema: public; Owner: jose
--

ALTER TABLE ONLY public.coches_coche
    ADD CONSTRAINT coches_coche_modelo_id_15c4e6bb_fk_coches_modelo_id FOREIGN KEY (modelo_id) REFERENCES public.coches_modelo(id) DEFERRABLE INITIALLY DEFERRED;


--
-- Name: coches_modelo coches_modelo_marca_id_e12682ed_fk_coches_marca_id; Type: FK CONSTRAINT; Schema: public; Owner: jose
--

ALTER TABLE ONLY public.coches_modelo
    ADD CONSTRAINT coches_modelo_marca_id_e12682ed_fk_coches_marca_id FOREIGN KEY (marca_id) REFERENCES public.coches_marca(id) DEFERRABLE INITIALLY DEFERRED;


--
-- Name: django_admin_log django_admin_log_content_type_id_c4bce8eb_fk_django_co; Type: FK CONSTRAINT; Schema: public; Owner: jose
--

ALTER TABLE ONLY public.django_admin_log
    ADD CONSTRAINT django_admin_log_content_type_id_c4bce8eb_fk_django_co FOREIGN KEY (content_type_id) REFERENCES public.django_content_type(id) DEFERRABLE INITIALLY DEFERRED;


--
-- Name: django_admin_log django_admin_log_user_id_c564eba6_fk_auth_user_id; Type: FK CONSTRAINT; Schema: public; Owner: jose
--

ALTER TABLE ONLY public.django_admin_log
    ADD CONSTRAINT django_admin_log_user_id_c564eba6_fk_auth_user_id FOREIGN KEY (user_id) REFERENCES public.auth_user(id) DEFERRABLE INITIALLY DEFERRED;


--
-- PostgreSQL database dump complete
--

